t_rel_s,d2
0.0480,0
0.0686,0
0.0851,0
0.0954,0
0.1282,0
0.1354,0
0.1555,0
0.1755,0
0.2084,0
0.2282,0
0.2353,0
0.2678,0
0.2851,0
0.3077,0
0.3248,0
0.3322,0
0.3649,0
0.3757,0
0.4059,0
0.4253,0
0.4449,0
0.4564,0
0.4722,0
0.5053,0
0.5158,0
0.5449,0
0.5557,0
0.5854,0
0.5955,0
0.6281,0
0.6356,0
0.6522,0
0.6853,0
0.6921,0
0.7281,0
0.7357,0
0.7650,0
0.7853,0
0.8079,0
0.8254,0
0.8478,0
0.8650,0
0.8757,0
0.9051,0
0.9156,0
0.9450,0
0.9565,0
0.9733,0
1.0052,0
1.0132,0
1.0451,0
1.0531,0
1.0853,0
1.0957,0
1.1282,0
1.1355,0
1.1679,0
1.1854,0
1.1933,0
1.2252,0
1.2332,0
1.2651,0
1.2854,0
1.3059,0
1.3252,0
1.3479,0
1.3564,0
1.3731,0
1.4052,0
1.4157,0
1.4449,0
1.4556,0
1.4853,0
1.5053,0
1.5281,0
1.5356,0
1.5532,0
1.5854,0
1.5931,0
1.6281,0
1.6356,0
1.6649,0
1.6852,0
1.7079,0
1.7252,0
1.7333,0
1.7649,0
1.7756,0
1.8060,0
1.8155,0
1.8449,0
1.8565,0
1.8732,0
1.9051,0
1.9131,0
1.9450,0
1.9556,0
1.9853,0
1.9956,0
2.0283,0
2.0357,0
2.0679,0
2.0853,0
2.0933,0
2.1156,0
2.1450,0
2.1550,0
2.1852,0
2.2053,0
2.2132,0
2.2355,0
2.2531,0
2.2853,0
2.2956,0
2.3281,0
2.3355,0
2.3682,0
2.3855,0
2.4079,0
2.4252,0
2.4332,0
2.4648,0
2.4755,0
2.5059,0
2.5253,0
2.5448,0
2.5564,0
2.5732,0
2.6052,0
2.6131,0
2.6449,0
2.6556,0
2.6854,0
2.6955,0
2.7282,0
2.7356,0
2.7533,0
2.7853,0
2.7932,0
2.8282,0
2.8357,0
2.8649,0
2.8852,0
2.9080,0
2.9251,0
2.9479,0
2.9650,0
2.9756,0
3.0050,0
3.0155,0
3.0449,0
3.0565,0
3.0712,0
3.1051,0
3.1132,0
3.1451,0
3.1531,0
3.1853,0
3.1956,0
3.2281,0
3.2354,0
3.2681,0
3.2854,0
3.2933,0
3.3251,0
3.3332,0
3.3650,0
3.3754,0
3.4059,0
3.4252,0
3.4481,0
3.4564,0
3.4731,0
3.5052,0
3.5156,0
3.5449,0
3.5555,0
3.5853,0
3.6052,0
3.6282,0
3.6355,0
3.6532,0
3.6851,0
3.6931,0
3.7283,0
3.7355,0
3.7648,0
3.7852,0
3.8080,0
3.8252,0
3.8313,0
3.8648,0
3.8755,0
3.9060,0
3.9154,0
3.9448,0
3.9565,0
3.9732,0
4.0050,0
4.0131,0
4.0448,0
4.0555,0
4.0851,0
4.0954,0
4.1250,0
4.1480,0
4.1649,0
4.1751,0
4.2050,0
4.2155,0
4.2449,0
4.2553,0
4.2851,0
4.3050,0
4.3132,0
4.3354,0
4.3531,0
4.3853,0
4.3956,0
4.4282,0
4.4354,0
4.4681,0
4.4853,0
4.5080,0
4.5251,0
4.5333,0
4.5647,0
4.5754,0
4.6060,0
4.6251,0
4.6447,0
4.6564,0
4.6732,0
4.7051,0
4.7131,0
4.7448,0
4.7555,0
4.7852,0
4.7954,0
4.8283,0
4.8354,0
4.8533,0
4.8851,0
4.8932,0
4.9284,0
4.9355,0
4.9648,0
4.9851,0
5.0082,0
5.0249,0
5.0480,0
5.0648,0
5.0755,0
5.1049,0
5.1154,0
5.1448,0
5.1566,0
5.1851,0
5.2050,0
5.2132,0
5.2449,0
5.2531,0
5.2851,0
5.2955,0
5.3282,0
5.3354,0
5.3681,0
5.3852,0
5.3934,0
5.4250,0
5.4332,0
5.4649,0
5.4754,0
5.5059,0
5.5250,0
5.5482,0
5.5564,0
5.5732,0
5.6050,0
5.6155,0
5.6447,0
5.6554,0
5.6851,0
5.7051,0
5.7283,0
5.7353,0
5.7532,0
5.7850,0
5.7932,0
5.8284,0
5.8355,0
5.8647,0
5.8850,0
5.9081,0
5.9251,0
5.9480,0
5.9647,0
5.9755,0
6.0060,0
6.0153,0
6.0447,0
6.0565,0
6.0733,0
6.0964,0
6.1249,0
6.1332,0
6.1648,0
6.1852,0
6.2058,0
6.2249,0
6.2481,0
6.2648,0
6.2736,0
6.3049,0
6.3153,0
6.3448,0
6.3552,0
6.3850,0
6.4050,0
6.4133,0
6.4353,0
6.4532,0
6.4851,0
6.4959,0
6.5284,0
6.5353,0
6.5682,0
6.5849,0
6.6083,0
6.6250,0
6.6332,0
6.6646,0
6.6753,0
6.7060,0
6.7250,0
6.7446,0
6.7565,0
6.7732,0
6.8050,0
6.8131,0
6.8447,0
6.8553,0
6.8849,0
6.8952,0
6.9285,0
6.9353,0
6.9533,0
6.9851,0
6.9932,0
7.0285,0
7.0331,0
7.0647,0
7.0850,0
7.1083,0
7.1248,0
7.1482,0
7.1647,0
7.1754,0
7.2049,0
7.2153,0
7.2448,0
7.2566,0
7.2849,0
7.3049,0
7.3132,0
7.3351,0
7.3531,0
7.3850,0
7.3949,0
7.4284,0
7.4350,0
7.4682,0
7.4851,0
7.4913,0
7.5250,0
7.5332,0
7.5647,0
7.5752,0
7.6059,0
7.6249,0
7.6445,0
7.6564,0
7.6732,0
7.7049,0
7.7154,0
7.7446,0
7.7553,0
7.7850,0
7.7952,0
7.8284,0
7.8352,0
7.8532,0
7.8848,0
7.8931,0
7.9285,0
7.9353,0
7.9646,0
7.9849,0
8.0083,0
8.0250,0
8.0482,0
8.0646,0
8.0752,0
8.0960,0
8.1287,0
8.1353,0
8.1682,0
8.1850,0
8.1926,0
8.2246,0
8.2326,0
8.2646,0
8.2850,0
8.3058,0
8.3243,0
8.3483,0
8.3644,0
8.3726,0
8.4048,0
8.4153,0
8.4447,0
8.4551,0
8.4849,0
8.5049,0
8.5133,0
8.5352,0
8.5532,0
8.5850,0
8.5953,0
8.6285,0
8.6351,0
8.6683,0
8.6849,0
8.7082,0
8.7250,0
8.7343,0
8.7646,0
8.7751,0
8.8059,0
8.8249,0
8.8447,0
8.8564,0
8.8742,0
8.9049,0
8.9141,0
8.9446,0
8.9551,0
8.9849,0
8.9951,0
9.0285,0
9.0352,0
9.0543,0
9.0849,0
9.0942,0
9.1286,0
9.1341,0
9.1647,0
9.1850,0
9.2083,0
9.2248,0
9.2483,0
9.2647,0
9.2754,0
9.3047,0
9.3151,0
9.3447,0
9.3560,0
9.3849,0
9.4049,0
9.4142,0
9.4350,0
9.4541,0
9.4850,0
9.4952,0
9.5285,0
9.5351,0
9.5683,0
9.5850,0
9.6082,0
9.6248,0
9.6342,0
9.6647,0
9.6750,0
9.7059,0
9.7248,0
9.7444,0
9.7564,0
9.7742,0
9.8048,0
9.8151,0
9.8445,0
9.8551,0
9.8850,0
9.8949,0
9.9285,0
9.9350,0
9.9542,0
9.9848,0
9.9941,0
10.0288,0
10.0351,0
10.0645,0
10.0849,0
10.1041,0
10.1142,0
10.1446,0
10.1551,0
10.1849,0
10.1950,0
10.2287,0
10.2349,0
10.2683,0
10.2850,0
10.2942,0
10.3247,0
10.3341,0
10.3646,0
10.3848,0
10.4058,0
10.4247,0
10.4484,0
10.4646,0
10.4741,0
10.5047,0
10.5151,0
10.5444,0
10.5549,0
10.5848,0
10.6048,0
10.6143,0
10.6349,0
10.6542,0
10.6849,0
10.6941,0
10.7286,0
10.7350,0
10.7685,0
10.7847,0
10.8083,0
10.8248,0
10.8342,0
10.8644,0
10.8750,0
10.9059,0
10.9248,0
10.9444,0
10.9564,0
10.9742,0
11.0046,0
11.0141,0
11.0445,0
11.0551,0
11.0847,0
11.0949,0
11.1287,0
11.1350,0
11.1514,0
11.1848,0
11.1942,0
11.2288,0
11.2341,0
11.2645,0
11.2848,0
11.3057,0
11.3246,0
11.3485,0
11.3644,0
11.3745,0
11.4047,0
11.4150,0
11.4446,0
11.4548,0
11.4848,0
11.5047,0
11.5142,0
11.5349,0
11.5541,0
11.5849,0
11.5951,0
11.6286,0
11.6349,0
11.6691,0
11.6849,0
11.7084,0
11.7247,0
11.7342,0
11.7643,0
11.7749,0
11.8059,0
11.8247,0
11.8443,0
11.8564,0
11.8742,0
11.9047,0
11.9141,0
11.9444,0
11.9550,0
11.9849,0
11.9948,0
12.0287,0
12.0349,0
12.0543,0
12.0847,0
12.0942,0
12.1148,0
12.1444,0
12.1565,0
12.1743,0
12.2046,0
12.2135,0
12.2445,0
12.2550,0
12.2847,0
12.2949,0
12.3288,0
12.3348,0
12.3685,0
12.3850,0
12.3943,0
12.4246,0
12.4342,0
12.4645,0
12.4848,0
12.5058,0
12.5246,0
12.5485,0
12.5645,0
12.5741,0
12.6046,0
12.6150,0
12.6443,0
12.6548,0
12.6847,0
12.7047,0
12.7144,0
12.7348,0
12.7542,0
12.7848,0
12.7941,0
12.8287,0
12.8349,0
12.8686,0
12.8847,0
12.9085,0
12.9247,0
12.9348,0
12.9643,0
12.9749,0
13.0059,0
13.0247,0
13.0443,0
13.0564,0
13.0743,0
13.1045,0
13.1141,0
13.1444,0
13.1549,0
13.1846,0
13.1948,0
13.2287,0
13.2350,0
13.2684,0
13.2847,0
13.2942,0
13.3289,0
13.3336,0
13.3643,0
13.3845,0
13.4057,0
13.4245,0
13.4487,0
13.4644,0
13.4750,0
13.5045,0
13.5149,0
13.5444,0
13.5547,0
13.5846,0
13.6046,0
13.6142,0
13.6348,0
13.6542,0
13.6847,0
13.6949,0
13.7287,0
13.7348,0
13.7686,0
13.7848,0
13.8086,0
13.8246,0
13.8342,0
13.8642,0
13.8747,0
13.9058,0
13.9241,0
13.9442,0
13.9564,0
13.9742,0
14.0046,0
14.0141,0
14.0443,0
14.0548,0
14.0848,0
14.0947,0
14.1246,0
14.1485,0
14.1644,0
14.1748,0
14.2044,0
14.2147,0
14.2442,0
14.2565,0
14.2748,0
14.3045,0
14.3142,0
14.3443,0
14.3542,0
14.3847,0
14.3949,0
14.4289,0
14.4347,0
14.4686,0
14.4862,0
14.4944,0
14.5244,0
14.5342,0
14.5644,0
14.5847,0
14.6058,0
14.6245,0
14.6486,0
14.6563,0
14.6741,0
14.7045,0
14.7148,0
14.7442,0
14.7547,0
14.7846,0
14.8046,0
14.8116,0
14.8347,0
14.8542,0
14.8847,0
14.8941,0
14.9288,0
14.9348,0
14.9642,0
14.9845,0
15.0086,0
15.0245,0
15.0343,0
15.0642,0
15.0747,0
15.1059,0
15.1146,0
15.1442,0
15.1564,0
15.1742,0
15.2044,0
15.2142,0
15.2441,0
15.2548,0
15.2845,0
15.2947,0
15.3290,0
15.3348,0
15.3686,0
15.3847,0
15.3942,0
15.4243,0
15.4341,0
15.4642,0
15.4846,0
15.5058,0
15.5244,0
15.5487,0
15.5643,0
15.5742,0
15.6044,0
15.6148,0
15.6443,0
15.6546,0
15.6845,2
15.7045,3
15.7143,3
15.7346,5
15.7542,6
15.7846,6
15.7948,6
15.8288,6
15.8347,6
15.8687,6
15.8844,6
15.9086,8
15.9245,9
15.9343,11
15.9641,11
15.9746,12
16.0059,12
16.0245,12
16.0441,12
16.0564,12
16.0742,12
16.0961,14
16.1289,15
16.1348,15
16.1641,17
16.1845,17
16.2087,17
16.2245,19
16.2486,19
16.2643,20
16.2750,20
16.3043,22
16.3146,22
16.3442,25
16.3560,25
16.3738,25
16.4044,25
16.4142,25
16.4442,25
16.4541,26
16.4845,26
16.4947,26
16.5290,28
16.5345,28
16.5687,29
16.5845,29
16.5943,31
16.6243,31
16.6342,31
16.6642,32
16.6846,34
16.7058,34
16.7244,34
16.7488,34
16.7563,34
16.7741,34
16.8044,34
16.8147,34
16.8441,36
16.8546,37
16.8845,39
16.9045,40
16.9289,42
16.9346,42
16.9542,42
16.9846,42
16.9941,43
17.0290,43
17.0347,45
17.0640,45
17.0844,45
17.1087,46
17.1244,48
17.1343,49
17.1641,49
17.1746,51
17.2060,51
17.2145,52
17.2442,52
17.2560,52
17.2747,54
17.3042,57
17.3142,57
17.3441,57
17.3547,57
17.3845,57
17.3943,59
17.4290,60
17.4347,60
17.4687,60
17.4845,62
17.4942,63
17.5242,65
17.5341,65
17.5641,66
17.5847,68
17.6058,68
17.6243,69
17.6488,69
17.6642,71
17.6741,71
17.7043,71
17.7146,73
17.7442,74
17.7545,74
17.7844,76
17.8044,76
17.8143,77
17.8345,79
17.8542,80
17.8845,82
17.8947,83
17.9290,83
17.9345,85
17.9688,85
17.9843,85
18.0089,85
18.0243,85
18.0342,86
18.0640,88
18.0745,88
18.0957,89
18.1290,91
18.1345,93
18.1542,94
18.1843,94
18.1941,94
18.2291,94
18.2346,94
18.2640,94
18.2844,96
18.3089,96
18.3242,99
18.3487,100
18.3641,102
18.3746,103
18.4042,103
18.4145,105
18.4441,105
18.4565,105
18.4719,105
18.5042,105
18.5142,105
18.5442,105
18.5541,105
18.5844,108
18.5946,110
18.6289,113
18.6344,114
18.6688,116
18.6844,117
18.6943,117
18.7242,117
18.7342,117
18.7641,119
18.7744,120
18.8058,123
18.8242,125
18.8489,127
18.8563,128
18.8741,128
18.9043,130
18.9146,131
18.9439,131
18.9545,133
18.9844,133
19.0044,134
19.0290,136
19.0344,137
19.0542,139
19.0842,140
19.0941,142
19.1291,143
19.1345,145
19.1639,145
19.1843,147
19.2089,147
19.2243,150
19.2320,151
19.2640,153
19.2748,154
19.3060,156
19.3144,157
19.3440,159
19.3565,159
19.3741,159
19.4042,160
19.4142,162
19.4441,164
19.4545,167
19.4843,168
19.4945,171
19.5294,171
19.5343,174
19.5688,176
19.5844,176
19.5943,177
19.6241,179
19.6341,180
19.6640,182
19.6843,184
19.7058,185
19.7242,188
19.7489,191
19.7641,193
19.7741,194
19.8042,196
19.8145,197
19.8438,197
19.8543,201
19.8843,202
19.9042,204
19.9143,205
19.9344,208
19.9542,210
19.9844,210
19.9941,211
20.0291,211
20.0344,211
20.0690,213
20.0841,216
20.1037,219
20.1141,221
20.1439,224
20.1544,224
20.1844,224
20.1943,224
20.2291,225
20.2344,227
20.2543,228
20.2842,230
20.2941,231
20.3292,233
20.3345,234
20.3639,236
20.3843,236
20.4090,238
20.4240,239
20.4489,241
20.4640,242
20.4745,242
20.5040,245
20.5144,247
20.5440,248
20.5565,250
20.5842,251
20.6041,253
20.6142,254
20.6440,254
20.6541,254
20.6842,254
20.6944,254
20.7290,254
20.7343,254
20.7689,254
20.7843,254
20.7943,254
20.8241,254
20.8342,254
20.8640,254
20.8743,254
20.9059,254
20.9242,254
20.9490,254
20.9563,254
20.9741,254
21.0042,254
21.0145,254
21.0438,254
21.0544,254
21.0842,254
21.1042,254
21.1291,254
21.1344,254
21.1542,254
21.1841,254
21.1941,254
21.2292,254
21.2344,254
21.2638,254
21.2842,254
21.3090,254
21.3242,254
21.3489,254
21.3640,254
21.3745,254
21.4060,254
21.4143,254
21.4439,254
21.4565,254
21.4743,254
21.5041,254
21.5142,254
21.5439,254
21.5545,254
21.5842,254
21.5944,254
21.6293,254
21.6343,254
21.6689,254
21.6842,254
21.6942,254
21.7240,254
21.7341,254
21.7639,254
21.7843,254
21.8058,254
21.8241,254
21.8490,254
21.8640,254
21.8741,254
21.9041,254
21.9144,254
21.9438,254
21.9543,254
21.9842,254
22.0041,254
22.0143,254
22.0342,254
22.0542,254
22.0842,254
22.0941,254
22.1241,254
22.1437,254
22.1564,254
22.1742,254
22.2041,254
22.2141,254
22.2438,254
22.2543,254
22.2840,254
22.2942,254
22.3292,254
22.3344,254
22.3544,254
22.3840,254
22.3939,254
22.4294,254
22.4341,254
22.4638,254
22.4842,254
22.5091,254
22.5239,254
22.5491,254
22.5638,254
22.5744,254
22.6038,254
22.6143,254
22.6439,254
22.6565,254
22.6840,254
22.7040,254
22.7142,254
22.7341,254
22.7542,254
22.7841,254
22.7943,254
22.8292,254
22.8342,254
22.8690,254
22.8842,254
22.8921,254
22.9240,254
22.9342,254
22.9639,254
22.9742,254
23.0058,254
23.0240,254
23.0436,254
23.0563,254
23.0741,254
23.1040,254
23.1145,254
23.1437,254
23.1542,254
23.1842,254
23.1941,254
23.2292,254
23.2343,254
23.2542,254
23.2840,254
23.2942,254
23.3295,254
23.3343,254
23.3639,254
23.3838,254
23.4090,254
23.4241,254
23.4490,254
23.4638,254
23.4744,254
23.5038,254
23.5142,254
23.5438,254
23.5565,254
23.5743,254
23.6039,254
23.6142,254
23.6438,254
23.6541,254
23.6841,254
23.6942,254
23.7294,254
23.7341,254
23.7690,254
23.7841,254
23.7943,254
23.8239,254
23.8341,254
23.8638,254
23.8841,254
23.9058,254
23.9239,254
23.9491,254
23.9563,254
23.9741,254
24.0039,254
24.0142,254
24.0435,254
24.0541,254
24.0840,254
24.0961,254
24.1239,254
24.1342,254
24.1636,254
24.1742,254
24.2059,254
24.2240,254
24.2436,254
24.2564,254
24.2739,254
24.3040,254
24.3141,254
24.3437,254
24.3544,254
24.3839,254
24.3942,254
24.4294,254
24.4343,254
24.4543,254
24.4840,254
24.4942,254
24.5294,254
24.5341,254
24.5637,254
24.5841,254
24.6092,254
24.6238,254
24.6491,254
24.6637,254
24.6743,254
24.7038,254
24.7142,254
24.7437,254
24.7565,254
24.7840,254
24.8039,254
24.8142,254
24.8341,254
24.8541,254
24.8840,254
24.8942,254
24.9293,254
24.9341,254
24.9692,254
24.9841,254
25.0090,254
25.0239,254
25.0342,254
25.0638,254
25.0741,254
25.1059,254
25.1239,254
25.1435,254
25.1563,254
25.1742,253
25.2040,251
25.2143,251
25.2436,250
25.2542,248
25.2841,248
25.2941,247
25.3294,247
25.3342,245
25.3543,244
25.3839,242
25.3940,242
25.4295,241
25.4343,239
25.4636,238
25.4840,236
25.5092,234
25.5240,233
25.5491,233
25.5636,231
25.5742,230
25.6038,230
25.6141,228
25.6437,227
25.6565,227
25.6743,225
25.7038,224
25.7142,224
25.7436,222
25.7541,222
25.7839,221
25.7942,219
25.8295,217
25.8341,216
25.8692,214
25.8840,214
25.8943,214
25.9238,214
25.9342,213
25.9637,211
25.9840,211
26.0058,210
26.0238,208
26.0492,207
26.0563,205
26.0741,204
26.0957,202
26.1294,201
26.1342,201
26.1693,199
26.1838,199
26.2092,199
26.2239,199
26.2343,199
26.2635,199
26.2738,197
26.3059,196
26.3239,196
26.3436,194
26.3560,193
26.3736,191
26.4036,191
26.4135,190
26.4436,190
26.4542,190
26.4838,188
26.4941,188
26.5295,187
26.5343,185
26.5522,184
26.5839,184
26.5934,182
26.6295,182
26.6341,182
26.6636,180
26.6839,180
26.7057,179
26.7238,177
26.7494,176
26.7636,176
26.7743,176
26.8037,176
26.8142,176
26.8436,174
26.8541,174
26.8839,173
26.9038,171
26.9142,171
26.9341,170
26.9541,170
26.9839,168
26.9943,168
27.0294,167
27.0342,165
27.0693,164
27.0840,164
27.1093,162
27.1237,160
27.1342,160
27.1634,159
27.1741,159
27.2059,157
27.2238,156
27.2434,154
27.2564,154
27.2747,153
27.3038,153
27.3141,151
27.3436,150
27.3542,148
27.3839,148
27.3941,147
27.4295,147
27.4342,145
27.4543,145
27.4838,143
27.4942,143
27.5296,142
27.5343,140
27.5635,140
27.5839,139
27.6094,139
27.6236,139
27.6492,137
27.6635,137
27.6742,137
27.7036,137
27.7141,136
27.7435,134
27.7565,134
27.7726,133
27.8037,133
27.8142,133
27.8436,133
27.8541,131
27.8838,131
27.8942,130
27.9294,128
27.9341,128
27.9693,128
27.9838,127
27.9942,127
28.0237,125
28.0342,123
28.0635,123
28.0742,123
28.1032,122
28.1147,120
28.1341,120
28.1542,120
28.1839,120
28.1941,120
28.2295,119
28.2342,117
28.2696,117
28.2837,117
28.3093,116
28.3237,116
28.3342,116
28.3632,114
28.3736,114
28.4060,114
28.4239,113
28.4434,113
28.4564,111
28.4742,111
28.5042,110
28.5142,108
28.5434,108
28.5542,108
28.5837,108
28.5941,106
28.6297,106
28.6342,105
28.6693,103
28.6837,103
28.6942,102
28.7297,102
28.7341,100
28.7634,100
28.7838,99
28.8057,99
28.8236,97
28.8494,97
28.8635,96
28.8743,96
28.9037,94
28.9142,94
28.9435,93
28.9540,93
28.9838,91
29.0037,91
29.0142,89
29.0340,89
29.0541,88
29.0838,88
29.0943,86
29.1296,86
29.1342,85
29.1695,85
29.1838,83
29.2093,83
29.2236,82
29.2342,80
29.2634,80
29.2745,79
29.3058,79
29.3237,77
29.3433,77
29.3560,76
29.3735,74
29.4038,74
29.4135,73
29.4434,73
29.4541,73
29.4838,71
29.4940,71
29.5296,71
29.5342,69
29.5542,69
29.5837,68
29.5941,68
29.6297,66
29.6342,65
29.6633,65
29.6837,65
29.7095,63
29.7235,62
29.7494,62
29.7634,60
29.7742,59
29.8035,57
29.8140,56
29.8434,54
29.8565,52
29.8836,51
29.9036,48
29.9141,46
29.9434,43
29.9540,42
29.9837,40
29.9941,37
30.0295,36
30.0340,34
30.0694,31
30.0838,31
30.0942,26
30.1142,25
30.1432,23
30.1540,22
30.1837,20
30.2036,17
30.2125,15
30.2341,12
30.2541,9
30.2837,8
30.2939,5
30.3297,3
30.3341,2
30.3632,0
30.3833,0
30.4093,0
30.4236,0
30.4342,0
30.4634,0
30.4740,0
30.5059,0
30.5139,0
30.5433,0
30.5564,0
30.5741,0
30.6034,0
30.6140,0
30.6433,0
30.6541,0
30.6836,0
30.6940,0
30.7297,0
30.7342,0
30.7694,0
30.7836,0
30.7940,0
30.8234,0
30.8339,0
30.8633,0
30.8837,0
30.9058,0
30.9235,0
30.9495,0
30.9634,0
30.9739,0
31.0035,0
31.0141,0
31.0434,0
31.0539,0
31.0836,0
31.1035,0
31.1141,0
31.1339,0
31.1540,0
31.1837,0
31.1941,0
31.2297,0
31.2340,0
31.2695,0
31.2835,0
31.3096,0
31.3236,0
31.3340,0
31.3630,0
31.3735,0
31.4058,0
31.4236,0
31.4432,0
31.4564,0
31.4740,0
31.5036,0
31.5139,0
31.5432,0
31.5540,0
31.5835,0
31.5939,0
31.6297,0
31.6341,0
31.6541,0
31.6835,0
31.6939,0
31.7298,0
31.7338,0
31.7632,0
31.7836,0
31.8097,0
31.8234,0
31.8495,0
31.8633,0
31.8741,0
31.9034,0
31.9139,0
31.9433,0
31.9565,0
31.9835,0
32.0034,0
32.0140,0
32.0338,0
32.0539,0
32.0837,0
32.0941,0
32.1235,0
32.1496,0
32.1563,0
32.1739,0
32.2035,0
32.2140,0
32.2431,0
32.2540,0
32.2836,0
32.3035,0
32.3297,0
32.3339,0
32.3540,0
32.3835,0
32.3933,0
32.4299,0
32.4335,0
32.4631,0
32.4835,0
32.5095,0
32.5235,0
32.5340,0
32.5632,0
32.5740,0
32.6059,0
32.6139,0
32.6432,0
32.6565,0
32.6740,0
32.7033,0
32.7139,0
32.7432,0
32.7541,0
32.7835,0
32.7940,0
32.8300,0
32.8340,0
32.8695,0
32.8835,0
32.8939,0
32.9233,0
32.9338,0
32.9632,0
32.9836,0
33.0058,0
33.0233,0
33.0496,0
33.0633,0
33.0738,0
33.1034,0
33.1140,0
33.1433,0
33.1539,0
33.1835,0
33.2035,0
33.2140,0
33.2338,0
33.2542,0
33.2838,0
33.2942,0
33.3301,0
33.3340,0
33.3696,0
33.3831,0
33.4096,0
33.4234,0
33.4339,0
33.4631,0
33.4740,0
33.5059,0
33.5234,0
33.5431,0
33.5564,0
33.5739,0
33.6035,0
33.6138,0
33.6432,0
33.6540,0
33.6834,0
33.6939,0
33.7298,0
33.7339,0
33.7540,0
33.7834,0
33.7939,0
33.8299,0
33.8338,0
33.8631,0
33.8835,0
33.9097,0
33.9232,0
33.9496,0
33.9632,0
33.9741,0
34.0033,0
34.0140,0
34.0432,0
34.0565,0
34.0834,0
34.0958,0
34.1233,0
34.1338,0
34.1632,0
34.1739,0
34.2058,0
34.2233,0
34.2497,0
34.2563,0
34.2743,0
34.3034,0
34.3136,0
34.3430,0
34.3540,0
34.3835,0
34.4035,0
34.4298,0
34.4338,0
34.4539,0
34.4833,0
34.4937,0
34.5299,0
34.5339,0
34.5630,0
34.5834,0
34.6097,0
34.6233,0
34.6327,0
34.6631,0
34.6740,0
34.7059,0
34.7139,0
34.7431,0
34.7564,0
34.7738,0
34.8032,0
34.8138,0
34.8431,0
34.8541,0
34.8834,0
34.8940,0
34.9300,0
34.9337,0
34.9697,0
34.9834,0
34.9938,0
35.0232,0
35.0337,0
35.0631,0
35.0835,0
35.1058,0
35.1232,0
35.1497,0
35.1632,0
35.1737,0
35.2033,0
35.2140,0
35.2429,0
35.2539,0
35.2834,0
35.3033,0
35.3134,0
35.3338,0
35.3538,0
35.3833,0
35.3932,0
35.4299,0
35.4338,0
35.4698,43
35.4832,114
35.5097,180
35.5233,207
35.5338,254
35.5630,254
35.5740,254
35.6059,254
35.6233,254
35.6429,254
35.6564,254
35.6738,254
35.7031,254
35.7137,254
35.7431,254
35.7540,254
35.7833,254
35.7940,254
35.8300,254
35.8339,254
35.8528,254
35.8833,254
35.8937,254
35.9300,254
35.9336,254
35.9630,254
35.9833,254
36.0057,254
36.0231,254
36.0497,254
36.0631,254
36.0741,254
36.0955,254
36.1298,254
36.1337,254
36.1697,254
36.1834,254
36.1939,254
36.2232,254
36.2337,254
36.2631,254
36.2744,254
36.3058,254
36.3230,254
36.3498,254
36.3559,254
36.3730,254
36.4032,254
36.4141,254
36.4429,254
36.4540,254
36.4835,254
36.5029,254
36.5300,254
36.5333,254
36.5539,254
36.5832,254
36.5936,254
36.6302,254
36.6337,254
36.6629,254
36.6833,254
36.7098,254
36.7232,254
36.7497,254
36.7630,254
36.7740,254
36.8060,254
36.8140,254
36.8429,254
36.8565,254
36.8737,254
36.9031,254
36.9137,254
36.9433,254
36.9541,254
36.9832,254
36.9940,254
37.0301,254
37.0336,254
37.0697,254
37.0833,254
37.0937,254
37.1231,254
37.1336,254
37.1630,254
37.1833,254
37.2058,254
37.2231,254
37.2498,254
37.2630,254
37.2739,254
37.3031,254
37.3141,254
37.3428,254
37.3535,254
37.3833,254
37.4032,254
37.4131,254
37.4338,254
37.4537,254
37.4834,254
37.4935,254
37.5300,254
37.5336,254
37.5699,254
37.5831,254
37.6098,254
37.6232,254
37.6337,254
37.6629,254
37.6741,254
37.7059,254
37.7232,254
37.7429,254
37.7564,254
37.7736,254
37.8030,254
37.8137,254
37.8429,254
37.8541,254
37.8831,254
37.8940,254
37.9301,254
37.9339,254
37.9697,254
37.9832,254
37.9936,254
38.0302,254
38.0335,254
38.0629,254
38.0832,254
38.1025,254
38.1137,254
38.1337,254
38.1535,254
38.1832,254
38.1941,254
38.2300,253
38.2336,231
38.2699,201
38.2833,167
38.2930,127
38.3231,82
38.3336,29
38.3630,0
38.3740,0
38.4058,0
38.4233,0
38.4427,0
38.4564,0
38.4735,0
38.5031,0
38.5141,0
38.5428,0
38.5540,0
38.5833,0
38.5936,0
38.6302,0
38.6333,0
38.6536,0
38.6832,0
38.6929,0
38.7303,0
38.7336,0
38.7629,0
38.7828,0
38.8100,0
38.8232,0
38.8499,0
38.8626,0
38.8742,0
38.9030,0
38.9136,0
38.9429,0
38.9565,0
38.9731,0
39.0031,0
39.0136,0
39.0429,0
39.0535,0
39.0832,0
39.0941,0
39.1303,0
39.1335,0
39.1700,0
39.1832,0
39.1938,0
39.2230,0
39.2337,0
39.2629,0
39.2835,0
39.3059,0
39.3228,0
39.3501,0
39.3564,0
39.3736,0
39.4031,0
39.4136,0
39.4429,0
39.4541,0
39.4832,0
39.5033,0
39.5130,0
39.5338,0
39.5537,0
39.5833,0
39.5936,0
39.6301,0
39.6336,0
39.6626,0
39.6830,0
39.7099,0
39.7231,0
39.7336,0
39.7628,0
39.7740,0
39.8060,0
39.8139,0
39.8428,0
39.8565,0
39.8736,0
39.9029,0
39.9135,0
39.9446,0
39.9538,0
39.9832,0
39.9936,0
40.0304,0
40.0336,0
40.0701,0
40.0831,0
40.0932,0
40.1135,0
40.1430,0
40.1567,0
40.1832,0
40.2028,0
40.2136,0
40.2332,0
40.2526,0
40.2831,0
40.2934,0
40.3302,0
40.3335,0
40.3701,0
40.3832,0
40.4101,0
40.4232,0
40.4336,0
40.4630,0
40.4740,0
40.5059,0
40.5230,0
40.5427,0
40.5565,0
40.5736,0
40.6029,0
40.6141,0
40.6427,0
40.6540,0
40.6831,0
40.6940,0
40.7302,0
40.7338,0
40.7535,0
40.7829,0
40.7934,0
40.8303,0
40.8335,0
40.8627,0
40.8831,0
40.9100,0
40.9230,0
40.9499,0
40.9628,0
40.9740,0
41.0028,0
41.0139,0
41.0427,0
41.0564,0
41.0735,0
41.1029,0
41.1135,0
41.1427,0
41.1533,0
41.1830,0
41.1940,0
41.2303,0
41.2333,0
41.2700,0
41.2830,0
41.2935,0
41.3227,0
41.3335,0
41.3627,0
41.3832,0
41.4058,0
41.4230,0
41.4501,0
41.4561,0
41.4730,0
41.5029,0
41.5141,0
41.5425,0
41.5540,0
41.5830,0
41.6030,0
41.6302,0
41.6338,0
41.6534,0
41.6831,0
41.6933,0
41.7303,0
41.7334,0
41.7625,0
41.7829,0
41.8101,0
41.8229,0
41.8335,0
41.8626,0
41.8740,0
41.9060,0
41.9139,0
41.9426,0
41.9564,0
41.9734,0
42.0027,0
42.0133,0
42.0427,0
42.0541,0
42.0829,0
42.0940,0
42.1228,0
42.1501,0
42.1627,0
42.1741,0
42.2028,0
42.2140,0
42.2426,0
42.2539,0
42.2829,0
42.3029,0
42.3134,0
42.3336,0
42.3533,0
42.3830,0
42.3941,0
42.4302,0
42.4333,0
42.4701,0
42.4830,0
42.5101,0
42.5229,0
42.5334,0
42.5625,0
42.5740,0
42.6059,0
42.6229,0
42.6425,0
42.6564,0
42.6733,0
42.7029,0
42.7133,0
42.7426,0
42.7540,0
42.7830,0
42.7939,0
42.8303,0
42.8339,0
42.8534,0
42.8828,0
42.8933,0
42.9304,0
42.9334,0
42.9625,0
42.9829,0
43.0101,0
43.0227,0
43.0500,3
43.0626,6
43.0740,8
43.1027,8
43.1140,8
43.1426,8
43.1565,8
43.1731,8
43.2028,9
43.2133,11
43.2426,12
43.2532,14
43.2829,14
43.2940,15
43.3304,17
43.3333,17
43.3704,19
43.3829,20
43.3934,20
43.4228,20
43.4336,22
43.4628,22
43.4740,23
43.5059,25
43.5228,25
43.5502,25
43.5563,25
43.5733,26
43.6029,28
43.6141,28
43.6424,29
43.6540,29
43.6829,31
43.7029,31
43.7304,31
43.7342,31
43.7534,31
43.7828,31
43.7933,32
43.8304,32
43.8335,32
43.8627,34
43.8829,36
43.9102,36
43.9228,36
43.9336,36
43.9625,36
43.9740,36
44.0060,37
44.0139,37
44.0425,37
44.0565,39
44.0734,39
44.0956,39
44.1308,40
44.1333,42
44.1625,42
44.1829,45
44.2057,45
44.2227,45
44.2504,46
44.2626,48
44.2745,49
44.3027,51
44.3140,51
44.3426,51
44.3539,52
44.3829,52
44.4028,54
44.4134,56
44.4337,56
44.4534,56
44.4828,56
44.4944,57
44.5304,57
44.5334,59
44.5703,59
44.5829,59
44.6106,60
44.6231,62
44.6335,62
44.6624,62
44.6740,63
44.7059,63
44.7231,65
44.7424,66
44.7565,66
44.7736,68
44.8029,69
44.8135,71
44.8427,73
44.8541,73
44.8832,74
44.8943,76
44.9305,79
44.9341,80
44.9535,82
44.9830,83
45.0105,83
45.0305,83
45.0337,85
45.0624,86
45.0828,88
45.1103,89
45.1226,91
45.1505,93
45.1625,93
45.1743,93
45.2029,94
45.2140,94
45.2427,96
45.2567,96
45.2828,97
45.3030,99
45.3134,100
45.3424,102
45.3706,102
45.3831,103
45.3943,103
45.4304,103
45.4337,103
45.4705,106
45.4832,108
45.5104,111
45.5229,111
45.5505,111
45.5628,113
45.5740,114
45.6061,116
45.6229,116
45.6508,116
45.6566,116
45.6903,117
45.7031,119
45.7142,120
45.7429,122
45.7543,123
45.7831,123
45.8030,125
45.8308,127
45.8341,128
45.8706,128
45.8829,128
45.9105,128
45.9305,128
45.9337,130
45.9625,131
45.9829,131
46.0106,131
46.0229,131
46.0505,134
46.0627,136
46.0743,137
46.0954,139
46.1310,139
46.1344,139
46.1705,140
46.1831,142
46.2106,143
46.2227,143
46.2505,143
46.2627,145
46.2830,147
46.3061,148
46.3228,148
46.3505,148
46.3626,148
46.3734,148
46.4030,148
46.4140,151
46.4427,153
46.4542,154
46.4830,156
46.5029,157
46.5306,157
46.5342,157
46.5705,157
46.5831,157
46.5943,157
46.6308,159
46.6518,159
46.6707,160
46.6829,160
46.7105,162
46.7229,164
46.7509,164
46.7626,165
46.7742,165
46.8061,165
46.8230,165
46.8428,167
46.8566,168
46.8906,168
46.9030,168
46.9307,170
46.9428,170
46.9543,170
46.9829,171
46.9941,171
47.0308,171
47.0343,171
47.0705,174
47.0830,174
47.1106,174
47.1309,174
47.1507,174
47.1626,174
47.1830,174
47.2107,176
47.2227,176
47.2509,177
47.2627,179
47.2748,180
47.3028,182
47.3143,184
47.3429,184
47.3562,184
47.3830,185
47.4028,185
47.4309,187
47.4342,188
47.4705,190
47.4830,190
47.4943,191
47.5307,193
47.5517,194
47.5706,196
47.5830,196
47.6105,196
47.6230,197
47.6511,199
47.6628,201
47.6741,201
47.7061,202
47.7228,205
47.7427,207
47.7566,208
47.7904,208
47.8029,210
47.8144,210
47.8428,211
47.8542,211
47.8830,213
47.8941,213
47.9308,213
47.9342,214
47.9707,216
47.9828,217
48.0106,217
48.0311,219
48.0507,222
48.0625,222
48.0829,224
48.1022,224
48.1308,225
48.1429,227
48.1544,228
48.1829,228
48.1942,230
48.2309,230
48.2344,231
48.2706,231
48.2829,231
48.3107,233
48.3227,234
48.3509,236
48.3624,238
48.3830,239
48.4060,239
48.4223,239
48.4509,241
48.4628,242
48.4903,244
48.5028,245
48.5142,245
48.5429,247
48.5541,248
48.5829,250
48.6028,251
48.6308,253
48.6342,254
48.6706,254
48.6829,254
48.6943,254
48.7308,254
48.7517,254
48.7708,254
48.7828,254
48.8106,254
48.8228,254
48.8510,254
48.8625,254
48.8742,254
48.9061,254
48.9228,254
48.9428,254
48.9566,254
48.9905,254
49.0029,254
49.0308,254
49.0427,254
49.0543,254
49.0827,254
49.0942,254
49.1309,254
49.1343,254
49.1707,254
49.1828,254
49.2107,254
49.2310,254
49.2508,254
49.2625,254
49.2829,254
49.3108,254
49.3227,254
49.3509,254
49.3628,254
49.3740,254
49.4027,254
49.4142,254
49.4428,254
49.4567,254
49.4828,254
49.5027,254
49.5311,254
49.5342,254
49.5707,254
49.5828,254
49.5943,254
49.6308,254
49.6516,254
49.6707,254
49.6829,254
49.7106,254
49.7227,254
49.7510,254
49.7626,254
49.7742,254
49.8061,254
49.8228,254
49.8426,254
49.8566,254
49.8905,254
49.9028,254
49.9143,254
49.9426,254
49.9542,254
49.9829,254
49.9941,254
50.0309,254
50.0343,254
50.0708,254
50.0827,254
50.1056,254
50.1142,254
50.1427,254
50.1567,254
50.1825,254
50.2027,254
50.2310,254
50.2428,254
50.2543,254
50.2826,254
50.2943,254
50.3311,254
50.3335,254
50.3706,254
50.3826,254
50.4108,254
50.4226,254
50.4511,254
50.4626,254
50.4828,254
50.5060,254
50.5226,254
50.5510,254
50.5625,254
50.5905,254
50.6026,254
50.6143,254
50.6425,254
50.6542,254
50.6828,254
50.7027,254
50.7309,254
50.7342,254
50.7708,254
50.7829,254
50.7936,254
50.8310,254
50.8516,254
50.8709,254
50.8827,254
50.9107,254
50.9227,254
50.9509,254
50.9623,254
50.9742,254
51.0061,254
51.0227,254
51.0426,254
51.0566,254
51.0906,254
51.1025,254
51.1310,254
51.1426,254
51.1543,254
51.1827,254
51.1942,254
51.2310,254
51.2344,254
51.2707,254
51.2825,254
51.3108,254
51.3311,254
51.3510,254
51.3625,254
51.3828,254
51.4060,254
51.4226,254
51.4512,254
51.4624,254
51.4743,254
51.5026,254
51.5142,254
51.5426,254
51.5541,254
51.5827,254
51.6026,254
51.6311,254
51.6342,254
51.6710,254
51.6828,254
51.6943,254
51.7309,254
51.7515,254
51.7708,254
51.7828,254
51.8108,254
51.8226,254
51.8511,254
51.8622,254
51.8751,254
51.9061,254
51.9226,254
51.9425,254
51.9566,254
51.9906,254
52.0027,254
52.0136,254
52.0425,254
52.0553,254
52.0828,254
52.0951,254
52.1226,254
52.1510,254
52.1623,254
52.1752,254
52.2062,254
52.2151,254
52.2426,254
52.2567,254
52.2826,254
52.3025,254
52.3311,254
52.3426,254
52.3553,254
52.3826,254
52.3952,254
52.4310,254
52.4514,254
52.4708,254
52.4827,254
52.5109,254
52.5224,254
52.5511,254
52.5624,254
52.5827,254
52.6060,254
52.6226,254
52.6511,254
52.6624,254
52.6906,254
52.7026,254
52.7152,254
52.7424,254
52.7551,254
52.7827,254
52.8026,254
52.8310,254
52.8351,254
52.8710,254
52.8827,254
52.9108,254
52.9311,254
52.9515,254
52.9711,254
52.9825,254
53.0109,254
53.0225,254
53.0510,254
53.0622,254
53.0752,254
53.1061,254
53.1226,254
53.1425,254
53.1566,254
53.1907,254
53.2024,254
53.2311,254
53.2425,254
53.2552,254
53.2823,254
53.2946,254
53.3314,254
53.3353,254
53.3708,254
53.3824,253
53.4110,253
53.4309,251
53.4511,251
53.4623,250
53.4827,250
53.5061,250
53.5224,250
53.5512,248
53.5623,247
53.5753,245
53.6025,245
53.6153,244
53.6425,242
53.6551,239
53.6826,238
53.7025,236
53.7315,234
53.7351,234
53.7709,234
53.7826,234
53.7952,233
53.8311,233
53.8514,233
53.8710,231
53.8827,231
53.9109,231
53.9225,230
53.9512,230
53.9621,228
53.9751,227
54.0061,225
54.0225,224
54.0424,222
54.0566,222
54.0908,222
54.0954,221
54.1312,219
54.1510,217
54.1621,217
54.1826,216
54.2110,214
54.2226,213
54.2511,213
54.2622,211
54.2755,211
54.3023,210
54.3151,207
54.3424,205
54.3567,204
54.3825,202
54.4024,202
54.4313,202
54.4426,202
54.4537,202
54.4825,202
54.4952,201
54.5313,201
54.5513,199
54.5710,199
54.5826,199
54.6108,199
54.6223,197
54.6512,197
54.6623,197
54.6826,196
54.7060,196
54.7224,196
54.7513,196
54.7565,194
54.7907,193
54.8024,193
54.8152,193
54.8423,193
54.8552,191
54.8826,191
54.9024,191
54.9311,190
54.9351,190
54.9710,188
54.9826,188
55.0109,187
55.0312,187
55.0514,187
55.0620,185
55.0824,185
55.1110,185
55.1225,185
55.1511,184
55.1622,184
55.1752,182
55.2062,180
55.2151,180
55.2424,180
55.2570,180
55.2909,179
55.3023,179
55.3313,177
55.3424,176
55.3552,176
55.3824,174
55.3952,174
55.4312,173
55.4344,173
55.4709,173
55.4825,173
55.5111,171
55.5223,171
55.5512,171
55.5622,170
55.5825,170
55.6060,168
55.6223,167
55.6513,167
55.6622,167
55.6739,167
55.7023,165
55.7152,165
55.7424,165
55.7551,165
55.7825,164
55.8024,164
55.8311,162
55.8351,160
55.8710,160
55.8825,160
55.8953,160
55.9312,159
55.9513,159
55.9711,159
55.9823,159
56.0112,157
56.0223,156
56.0513,156
56.0620,154
56.0751,154
56.0951,154
56.1313,154
56.1352,154
56.1711,154
56.1823,154
56.2110,153
56.2313,153
56.2512,151
56.2621,151
56.2824,150
56.3111,150
56.3224,150
56.3512,150
56.3621,148
56.3748,148
56.4022,147
56.4152,147
56.4422,145
56.4567,145
56.4823,145
56.5023,145
56.5313,145
56.5424,145
56.5710,145
56.5824,142
56.5952,142
56.6314,140
56.6513,140
56.6711,139
56.6824,139
56.7110,139
56.7222,139
56.7514,139
56.7621,139
56.7825,139
56.8060,139
56.8223,139
56.8514,139
56.8565,136
56.8908,134
56.9023,133
56.9152,131
56.9422,131
56.9551,131
56.9825,130
57.0023,130
57.0313,128
57.0352,127
57.0712,127
57.0825,127
57.1110,127
57.1314,125
57.1516,123
57.1619,122
57.1823,122
57.2111,122
57.2223,120
57.2512,119
57.2620,117
57.2755,117
57.3062,117
57.3151,117
57.3423,117
57.3567,116
57.3910,116
57.4019,116
57.4313,114
57.4420,114
57.4553,114
57.4824,113
57.4952,113
57.5316,111
57.5353,111
57.5711,110
57.5824,108
57.6112,106
57.6221,106
57.6513,105
57.6620,105
57.6825,103
57.7060,103
57.7222,102
57.7514,102
57.7621,100
57.7908,99
57.8022,99
57.8153,97
57.8423,96
57.8551,94
57.8824,93
57.9023,91
57.9313,89
57.9351,88
57.9711,86
57.9824,85
57.9953,85
58.0313,83
58.0514,82
58.0712,82
58.0822,80
58.1017,80
58.1140,79
58.1422,77
58.1552,76
58.1824,76
58.1951,74
58.2314,74
58.2352,74
58.2712,71
58.2822,71
58.3112,69
58.3314,68
58.3513,66
58.3620,66
58.3819,65
58.4112,63
58.4216,63
58.4511,62
58.4620,60
58.4753,59
58.5021,57
58.5152,57
58.5422,54
58.5567,54
58.5822,51
58.6022,49
58.6315,48
58.6423,46
58.6713,45
58.6823,43
58.6952,40
58.7313,39
58.7514,37
58.7712,34
58.7824,32
58.8111,29
58.8221,28
58.8514,25
58.8621,23
58.8751,22
58.9061,22
58.9222,22
58.9515,20
58.9565,20
58.9909,19
59.0022,17
59.0152,15
59.0421,14
59.0552,14
59.0823,12
59.1022,11
59.1314,9
59.1352,8
59.1713,6
59.1821,5
59.2111,5
59.2314,2
59.2515,0
59.2618,0
59.2822,0
59.3112,0
59.3222,0
59.3514,0
59.3620,0
59.3746,0
59.4058,0
59.4151,0
59.4420,0
59.4567,0
59.4821,0
59.5021,0
59.5315,0
59.5421,0
59.5554,0
59.5822,0
59.5952,0
59.6316,0
59.6340,0
59.6712,0
59.6822,0
59.7114,0
59.7220,0
59.7515,0
59.7619,0
59.7823,0
59.8060,0
59.8221,0
59.8515,0
59.8620,0
59.8909,0
59.9021,0
59.9152,0
59.9420,0
59.9551,0
59.9823,0
60.0022,0
60.0314,0
60.0351,0
60.0713,0
60.0823,0
60.0941,0
60.1222,0
60.1420,0
60.1566,0
60.1911,0
60.2022,0
60.2314,0
60.2421,0
60.2552,0
60.2823,0
60.2951,0
60.3315,0
60.3352,0
60.3713,0
60.3818,0
60.4113,0
60.4316,0
60.4515,0
60.4618,0
60.4823,0
60.5113,0
60.5219,0
60.5515,0
60.5619,0
60.5752,0
60.6020,0
60.6152,0
60.6421,0
60.6567,0
60.6821,0
60.7020,0
60.7315,0
60.7422,0
60.7712,0
60.7822,0
60.7952,0
60.8314,0
60.8514,0
60.8713,0
60.8822,0
60.9112,0
60.9220,0
60.9516,0
60.9619,0
60.9751,0
61.0061,0
61.0221,0
61.0515,0
61.0566,0
61.0910,0
61.1021,0
61.1153,0
61.1420,0
61.1552,0
61.1822,0
61.2021,0
61.2314,0
61.2352,0
61.2713,0
61.2820,0
61.3112,0
61.3315,0
61.3515,0
61.3617,0
61.3817,0
61.4112,0
61.4216,0
61.4514,0
61.4617,0
61.4753,0
61.5063,0
61.5151,0
61.5420,0
61.5567,0
61.5820,0
61.6020,0
61.6314,0
61.6421,0
61.6553,0
61.6821,0
61.6952,0
61.7315,0
61.7513,0
61.7712,0
61.7821,0
61.8113,0
61.8219,0
61.8514,0
61.8618,0
61.8822,0
61.9060,0
61.9217,0
61.9516,0
61.9621,0
61.9910,0
62.0020,0
62.0153,0
62.0418,0
62.0552,0
62.0820,0
62.0955,0
62.1220,0
62.1513,0
62.1617,0
62.1752,0
62.2062,0
62.2221,0
62.2419,0
62.2566,0
62.2910,0
62.3021,0
62.3313,0
62.3420,0
62.3554,0
62.3818,0
62.3952,0
62.4315,0
62.4350,0
62.4710,0
62.4821,0
62.5112,0
62.5315,0
62.5512,0
62.5618,0
62.5821,0
62.6112,0
62.6218,0
62.6514,0
62.6618,0
62.6753,0
62.7019,0
62.7152,0
62.7420,0
62.7567,0
62.7820,0
62.8019,0
62.8315,0
62.8351,0
62.8711,0
62.8821,0
62.8953,0
62.9313,0
62.9514,0
62.9712,0
62.9821,0
63.0110,0
63.0219,0
63.0514,0
63.0618,0
63.0751,0
63.1061,0
63.1220,0
63.1419,0
63.1566,0
63.1909,0
63.2020,0
63.2153,0
63.2419,0
63.2552,0
63.2822,0
63.2952,0
63.3314,0
63.3352,0
63.3712,0
63.3817,0
63.4112,0
63.4313,0
63.4513,0
63.4617,0
63.4820,0
63.5111,0
63.5220,0
63.5513,0
63.5617,0
63.5752,0
63.6018,0
63.6153,0
63.6419,0
63.6567,0
63.6819,0
